Seq_ID,Cluster,Heavy_chain,Light_chain
Sequence_1,1,QVQLVQSGAEVKKPGSSVKVSCKASGDTFGSNAINWVRQAPGQGLEWMGGIIPIIGLANYAQKFQGRVTIIADKSTNTAYMELSSLRYEDTAVYYCARGISERYFDWILPDYFFPHYMDVWGKGTTVAVSS,EIVLTQSPGTLSLSPGERATLSCRASQSVSSSHLAWYQQKPGQAPRLLIYGASSRATGIPDRFSGSGSGTDFTLTISRLEPEDFAVYYCQQYGSSPWTFGQGTTVEIK
Sequence_10,1,EVQVVESGGGLVKPGGSLRLSCAASGFTFSNAWMTWVRQVPGKGLEWVGHIKSKTYGATTDYASPVKGRFTISRDDSKDTVYLKMNSLKTEDTGMYYCTTDHSRFDWILYPGNENYFYGMDVWGQGTTVTVSS,DTVMTQSPLFLPVTPGEPASISCRSSQSLLHSNGHNYLDWYLQKPGQSPQLLIYLGSNRASGVPDRFSGSGSGTDFTLKISRVEAEDVGVYYCMQVLQTPPTFGQGTKVEIK
Sequence_100,1,QVQLVESGGGVVQPGRSLRLSCAASGFTFSSYGMHWVRQAPGKGLEWVAVVYYDGNSKYYSDSVKGRFTISRDNSKNTLYLQMNSLRAEDTAVYYCARDVYLGSVTYYDFEDWGQGTLVTVSS,EIVLTQSPATLSLSPGERVTLSCRASQSVSNYLAWYQQKPGQAPRLLIYDASIRATGIPARFSGSGSGTDFTLTISSLEPEDFAFYYCQQRSKWPPVYTFGQGTKLEIR
Sequence_103,1,QVQLVESGGGVVQPGRSLRLSCAASGFTFSNYGMHWVRQAPGGGLEWVSIIWYDGNNKYYADSVKGRFIISRDNSKNTVYLQMNSLRAEDTGVYYCARTGGEGLTLDYWGQGTLVTVSS,DIVMTQSPLSLPVTPGEPASFSCRSSQSLLHSNGYNYLNWYLQKPGQSPQLLIYLGSHRASGVPARFSGSGSGTDFTLKITRVEAEDVGVYYCMEALQIPHTFGQGTKLEIK
Sequence_11,1,EAQLVESGGGLVKPGGSLRLSCAASGFTFNNAWMSWVRQAPGQGLEWIGLIKSKIDGETTDYAAPVKGRFTISRDDSKNTLYLQMSSLKTEDTAVYYCTTESNWSFFDYWGQGTLVTVSS,DIQMTQSPSSLSASVGDRVTITCRASQSISRYLNWYQQKPGKAPKVLIYGASGLRSGVPSRFSGSGSGTDFTLTISSLQPEDFATYYCQQSYNTPRTFGQGTMLEIK
Sequence_12,1,QVPVVQSGAEVKQPGASVRVSCKASGYDFLGYYMHWVRQAPGQGLEWMGWINPNSGGTDYAQKFQGRVTMTRDTSISTAYMELTRLRSDDTAIYFCARAGNWEPFRNWGRGTLITVSS,DIQMTQSPSTLSASVGDRVTITCRASQSISGWLAWYQQKPGKAPKLLIYGASSLESGVPSRFSGSGSGTEFTLTISSLQPDDFATYYCQQYSSYWTFGLGTKVEIK
Sequence_13,1,EVQLLESGGGLVQPGGSLRLSCAASGFTFSSYAMSWVRQAPGKGLEWVAGISGSGGSTYYADSVKGRFTISRDNSKNTLYVQMNSLRVEDTAVYYCAKEGLGELRHFDWILPGDCYGMDVWGQGTTVTVSS,EIVLTQSPGTLSLSPGERATLSCRASQSVSSTYLAWYQQKPGQAPRLLISGACSRATGIPDRFSSSGSGTDFTLTISRLEPEDSAVYYCQYYGSSPPHTFGQGTKLEIK
Sequence_14,1,QVQLVESGGGVVQPGRSLRLSCAASGFTFSSYGMHWVRQTPGKGLEWVAVIWYDGSKKYYGDSVKGRFTISRDNSKNTVYLQMNSLRVEDTAVYYCATAKVTQSAGTDYWGQGTLVTVSS,DIQMTQSPSTLSASVGDRVTITCRASQSISSWLAWYQQKPGKAPKFLIYKASILESGVPSRFSGSGSGTEFTLTISSLQPDDFATYYCQQYNSHPLTFGGGTKVEIK
Sequence_15,1,QVQLVQSGAEVKKPGSSVKVSCKASGGTLSTYGISWVRQAPGQGLEWMGGIIPIFGTAHYAQRFQGRVTITADESTSVAYMELSSLRSEDTAVYYCARGRYFDWLLSPDYYYYEMEVWGQGTTVTVSS,EIVLTQSPATLSLSPGERATLSCRASQSVSSYLAWYQQKPGQAPRLLIYDASNRATGIPARFSGSGSGTDFTLTISSLEPEDFAVYYCQQRSNSVTFGQGTKLEIK
Sequence_16,1,QVQLVESGGGVVQPGRSLRLSCAASGFTFSNYGMHWLRQAPGKGLEWLAVIWYDGINKYYADSVQGRFATSRDNSKNTLYLQMNTLRAEDTAVYYCARVGISYGVNSHAFDIWGQGTMVTVSS,DIQMTQSPSSLSASVGDRVTITCRASQSINNYLNWYQQKPGEAPKLLIYAASTLQRGVPSRFSGSGSGTDFTLTISSLQPEDFATYYCQQSDSTPLTFGGGTKVEIK
Sequence_18,1,QVPVVQSGAEVKQPGASVRVSCKASGYDFLGYYMHWVRQAPGQGLEWMGWINPNSGGTDYAQKFQGRVTMTRDTSISTAYMELTRLRSDDTAIYFCARAGNWEPFRNWGRGTLITVSS,DIQMTQSPSTLSASVGDRVTITCRASQSISGWLAWYQQKPGKAPKLLIYGASSLESGVPSRFSGSGSGTEFTLTISSLQPDDFATYYCQQYSSYWTFGLGTKVEIK
Sequence_19,1,QVPVVQSGAEVKQPGASVRVSCKASGYDFLGYYMHWVRQAPGQGLEWMGWINPNSGGTDYAQKFQGRVTMTRDTSISTAYMELTRLRSDDTAIYFCARAGNWEPFRNWGRGTLITVSS,DIQMTQSPSTLSASVGDRVTITCRASQSISSWLAWYQQKPGKAPKLLIYHASTLESGVPSRFSGSGSGTEFTLTISSLQPDDFATYYCQQYSSYWTFGQGTKVEIK
Sequence_2,1,QVQLVESGGGVVQPGRSLRLSCAASGFTFSSVGMHWVRQAPGKGLEWVAVIWYDGSNKYYAESVEGRFIISRDNSKNTLYLQMNSLRVEDTAVYYCAREGFLGRKFNWFDPWGQGTLVTVSS,EIVLTQSPATLSLSPGERATLSCRASQSVSSYLAWYQQKPGQAPRLLIYDTSTRATGIPARFSGSGSGPDFTLTISSLEPEDFAVYFCLQRNDWPPTYTFGQGTKLEIK
Sequence_20,1,QVHLVQSGPELKKPGASVKVSCKASGYTFTNYGVSWVRQAPGQGLEWVGWISGHNGNTRYSQKFQGRVTMTTDTSTNTAYMDLRSLTSDDTAVFYCARDCSNRYADWLLPNTCNFDYWGQGTLVTVS,AIQLTQSPSSLSGSVGDRVTITCRASQGINNALAWYQQTPGKAPKLLIYDASSLHSGVPSRFSGSGSGTDFTLTISSLQPEDFATYYCQHFNNYVTFGGGTKVEIK
Sequence_21,1,QVQLVQSGAEVKKPGASVKVSCKASGYTFTTYGINWVRQAPGQGLEWMGWISAYNGNTNYAQKLQGRVTMTTDTSTSTAYMELRSLRSDDTAVYYCATDTRYFDWILYPPNDAFDVWGQGTMVTVSS,DIQMTQSPSSVSASVGDRVTITCRASQGISIYLAWYQQKPGKAPNLLIYAASSLQSGVPSRFSGSGSGTDFTLTISSLQPEDFASYYCQQANSFPYSFGQGTKLEIK
Sequence_25,1,QVQLVESGGGVVQPGRSLRLSCAASGFTFSNYGMHWVRQAPGKGLEWVAAIWYDGSNQYYADSVRGRFTISRDNSNNTLYLQMNSLRAEDTAVYYCARRYCSGTSCFSWIDYWGQGTLVTVSS,EIVLTQSPGTLSLSPGERATLSCRASQSVSSSYLAWYQQKPGQAPRLLIYGASSRATGIPDRFSGSGSGTDFTLTISRLEPEDFAVYYCQQYGFSKLTFGGGTKVEI
Sequence_26,1,QVQLVESGGGVVQPGRSLRLSCAASGFTFSNYGMHWVRQPPGKGLEWVAVIWYDGINKYYSDSVKGRFTISRDNSMNTLHLQMNSLRAEDTAIYYCTREGFAGRLNNWFDPWGQGTLVTVSS,EIVLTQSPATLSVSPGERATLSCTASQSVSSYLAWYQQKPGQAPRLLIYDTSYRATDIPARFSGSGSGTDFTLTISSLEPEDFAVYYCQQRNNWPPAYSFGQGTKLEI
Sequence_27,1,QVQLVQSGAEVKKPGASVKVSCKASGYPFNGYYMHWLRQAPGQGLEWMGWINPNSGGTSYAQKFQGRVTMTRDTSISAAYLDLGRLRSDDTAVYYCARAGYWNPFDFWGQGTLVTVSS,DIQMTQSPSTLSASVGDRVTITCRASQSISSWLAWYQQKPGKAPKLLIDQASTLQSGVPSRFSGSGSGTEFTLTISSLQPDDFATYYCQQYNSYWTFGQGTKVEIK
Sequence_28,1,QEQLVESGGGVVQPGRSLRLSCAASGFTFSSYGMHWVRQAPGKGLEWVAIISYDGSNKYHADSVKGRFTISRDNSKNTLYLQVNSLRAEDTAVYYCAKDQYCISDRCYPTYWGQGTLVTVSS,EIVMTQSPATLSVSPGERATLSCRASQSVNSNLAWYHQKPGQAPRLLIYGASIRATGIPARFSGSGSGTEFTLTISSLQSEDFAVYYCQHFNNWPFTFGGGTKVEIK
Sequence_29,1,QVQLVESGGGVVQPGRSLRLSCAASGFTFDNFGMHWVRQAPGKGLEWVATIYYDGSNKYYVDSVKGRFTISRDNSRNTVYLQMNSLRAEDTAVYFCARDGGTTQSFDYWGQGTLVTVSS,DIVMTQSPLSLPVTPGEPASISCRSSQSLLHSNGYNYLNWYLQKPGQSPQLLIYLVSNRASGVPDRFSGSGSGTDFTLKLSRVEAEDVGVYYCMQALQTPYSFGQGTKLEIK
Sequence_3,1,QEQLVESGGGVVQPGRSLRLSCAASGFTFSSYGMHWVRQAPGKGLEWVAIISYDGSNKYHADSVKGRFTISRDNSKNTLYLQVNSLRAEDTAVYYCAKDQYCISDRCYPTYWGQGTLVTVSS,EIVMTQSPATLSVSPGERATLSCRASQSVNSNLAWYHQKPGQAPRLLIYGASIRATGIPARFSGSGSGTEFTLTISSLQSEDFAVYYCQHFNNWPFTFGGGTKVEIK
Sequence_31,1,QVQLVESGGGVVQPGTSLRLSCAASGFSFSSSGMHWVRQAPGKGLEWVAVIWYDGNNKYYADSVKGRFTISRDNSKDMLYLQMDSLRPEDTAIYYCARESFLGRVSNWFDAGGQGTLVTVSS,EIVLTQSPVTLSLSPGERATLSCRASQSVSSNLAWYQHKPGQAPRLLIYDASIRATGIPPRFSGSGSGTDFTLTISSLEPEDFAVYYCLQRRSWPPAYSFGQGTKLEIK
Sequence_32,1,QVQLVESGGGVVQPGRSLRLSCAASGFTFSSSGMHWVRQAPGKGLEWVAVIWYDGNNKYYADSVKGRFTISRDNSNNTLYLQMNSLRAEDTAVYYCAREGFLGRLYNWFDPWGQGTLVTVSS,ENVLTQSPATLSLSPGERATLSCRASQSVGSYLAWYQQKPGQAPRLLIYDASNRATGIPARFSGSGSGPDFTLTISSLEPEDFAVYYCLQRRNWPPAYTFGQGTKLEIK
Sequence_35,1,QVQLVQSGAEVKKPGSSVKVSCKASGGTFSSYVISWVRQAPGLGLEWMGGIIPMYVTTNYAQKFQGRVTITADESTSTAYMELSSLRSEDAAVYYCARAGEYYDILTDSRIRHFKNRYYNYYGMDVWGQGTTVTVSS,DIVMTQPPLSLPVTPGEPASISCRSSQSLLHSNGYNYLDWYVQKPGQSPQLLMYLGSNRASGVSDRFSGSGSGTDFTLKISRVEAEDVGVYYCMQALQTPDTFGQGTKLEIK
Sequence_38,1,QVQLVESGGGVVQPGRSLRLSCAASGFSFSSYGMHWVRQGPGQGLEWVALIWYDGSNKFYADSVKGRFTISRDNSKNTLYLQMNSLRVEDTASYYCAAEGVAPDGALNFWGLGTMVTVSS,DILMTQSPLSLPVTPGEPASISCRSSQSLLHSNGYNYLQWYLQKPGQSPQLLIHLGSNRASGVPGRFSGSGSGTDFTLKITRVEAEDVGVYYCMQALQAPITFGQGTRLEIK
Sequence_4,1,EVQLVESGGGLVKPGGSLRLSCAASGFTFNNAWMTWVRQAPGKGLEWIGRIKSEIDGGTADYAAPVKGRFTLSRDDSKNTLYLQMNSLKIEDTAVYYCVIESNWNFFEYWGQGTLVTVSS,DIQMTQSPSSLSASVGDRVTITCRASQSVSNYLNWYQQKPGKAPKLLIYVASNLLSGVPSRFSGSGSGTDFTLTISSLQPEDFATYYCQQSYSLPRTFGQGTKLEIK
Sequence_42,1,QVQLQESGPGLVKPSQTLSLTCTVSGGSISSGTYYWSWIRQPAGKGLEWIGRIYTSGNTDYNPSLKSRITISVDTSKNQFSLELSSVTAADTAVYYCAREERGRFDWLLSYSDPSHYYYMDVWGQGTTVTVSS,DIQMTQSPSSLSASVGDRVTITCRASQSINSYLNWYQQRPGIAPKLLIYAASSLQSGVPSRFSGSGSGTDFTLTISSLHPEDFATYYCQHIYSIPWTFGQGTKVAIK
Sequence_43,1,QVQLVQSGAEVKKPGSSVKVKVSCKASGGTFTTNAISWVRQAPGQGLEWMGGIIPIFGTANYAQKFQDRVTITADESTSTAYMELSSLISEDTAVYYCASTIRYFDWVLPNFYSSMDVWGQGTTVTVSS,EIVLTQSPGTLSLSPGERATLSCRASQSVSSSHLAWYQQKPGQAPRLLIYDASSRATGIPDRFSGSGSGTDFTLTISRLEPEDFAVYYCQQYGSSPLFGGGTKVEIK
Sequence_44,1,EVQLVESGGGFVKPGGSLRLSCAASGFTFSNDWMSWVRQAPGKGLEWVGRIKSKRDGGTTDYAAPVRGRFTISRDDLKNTLFLQMDSLKTEDTAVYYCTTGARYFDWLLLDVSYFDYWGRGTQVTVSS,DIQMTQSPSSLSASVGHRVTISCRTSQSIGTFLHWYQQKAGKAPRLLIYATSNLHSGVPSRFSGSGSGTDFTLTISSLQPEDFATYYCQQSYSPPLTFGGGTKVEIK
Sequence_46,1,QVQLVQSGGGVVQPGRSLRLSCAASGFTFRNYGMHWVRQAPGKGLEWVALIYYDEVTKVYADSVKGRFTVSRDNSENILYLQIISLRVEDTAIYYCARVGGEGLVDYWGQGSLITVSS,DIVMTQSPLSLPVTPGEPASISCRSSQSLLQSNGYNYLNWYLQKPGQSPQLLIYLGSYRASGVPDRFSGSGSGTDFTLKISRVEAEDVGVYYCMQALQTPLTFGGGTKVEIK
Sequence_47,1,QLQLQESGPGLVKPSETLALTCTVSGGSISSGSNYWGWIRQPPGKGLEWIGSIYYTGSTYDNPSFKSRVTMSVDTYQNQFSLRMSSVTAADTAMYYCARHVYSGWYLKWFDPWGQGTLVTVSS,EIVLTQSPATLSLSPGERATLSCRASQSVSSYLAWYQQKAGQAPRLLIYDASNRATGVPARFDGSGSGTDFTLTISSLEPEDFAVYYCQQRSNWPMWTFGQGTKVEIK
Sequence_48,1,QVHLVESGGGVVQPGRSLRLSCAASGFTFSSFGMHWVRQTPAKGLEWVAVISYDGSHKWFVDSVKGRFTISRDNSKNTLYLQMNSLRTEDTAVYYCAIDGPYCGGGRCYSGYWGQGTLVTVSS,DIQLTQSPSFLSASVGDRVTITCRASQGISSYLAWYQQKPGKAPKLLIYAASTLQSGVPSRFSGSGSGTEFTLTISSLQPDDFATYYCQQLNSYPYTFGQGTKLEIK
Sequence_49,1,QVQLVESGGGLVKPGGSLRLSCAASGFTFSDFYMSWIRQAPGKGLEWVSYISGSGTYTNYADSVKGRFTISKDNAKNSLYLQMNSLRVEDTAVYYCVRDRTQISWELPENYYYHGMDVWGQGTTVSVSS,DIQLTQSPSFLSASVGDRVTITCRASQGISSYLAWYQQKPGKAPKLLIYAASTLQSGVPSRFSGSLSGTEFTLTISSLQPEDFATYYCQQLNSYPYTFGQGTKLEIK
Sequence_5,1,EVQLLESGGGLIQPGGSLRLSCAASGFPFSTYAMSWVRQAPGRGLEWVSGISGSGGNTDYAAPVKGRFTISRDNSKNTLYLQMNSLRAEDTAMYYCAKDPSALRSFAWLLEDAFDVWGQGTMVTVSS,EIVLTQSPATLSLSPGERATLSCRASQSVSSNSLAWYQQKPGRAPRLLIYDVSSRAIGLPDRISGSGSGTDFTLTISRLEPEDFAVYYCQQYGTSPGWTFGQGTKVEIK
Sequence_50,1,QVQLVQSGAEVKTPGSSVKVSCKASGGTFTNYPFSWVRQAPGQGPEWMGGIFPMFDVTKYAQKLQGRVTITADKSTNTAYMELSSLTSEDTAVYYCARDILPGSSFAWLLPDFYYYGMDVWGQGTTVTVSS,EIVLTQSPATLSLSPGERATLSCRASQSVSNYLAWYQQKPGQAPRLLIYDASNRATGVPARFSGSGSGTDFTLTISSLEPEDFAVYYCQQRSTWPLTFGQGTKLEIK
Sequence_51,1,EVQLVESGGGLVKTGRSLRLSCTTSGFTFGDYAVSWFRQAPGKGLEWVGFIRHPGYGGATEYAASVKGRFTISRDDSKRIAYLQMNSLKNEDTAVYYCTRGRVSRHFDWVLWDFHYYIMDVWGQGTTVTVSS,DIQMTQSPSSLSASVGDRVTITCQASQDISNYLNWYQHKPGKAPKLLIYDTSNLETGVPSRFSGSGSGTDFSFIISSLQPEDIATYYCQQYANLPFTFGPGTKVDFK
Sequence_52,1,QVQLAQSGAEVKKPGSSVKVSCKASGVTFSSFAISWARQAPGQGLEWMGGIIPVYGTTNYAQKFHGRITITADQSTGTIYMELSSLRSEDTATYYCASDLRQYFDWLIDPYYYHAMDVWGQGTTVTVSP,EIVLTQSPGTLSLSPGERATLSCRASQAFGSNYLAWYQQKPGQAPRLLIYTTSTRATGIPDRFSGSGSGTDFTLTISKLEPEDFAVYYCQQYGSSLTFGGGTKVEIK
Sequence_53,1,EVQLVESGGGLVKPGGSLRLSCAGSGFTFSNAWMSWVRQAPGKGLEWVGRIKSESGGGTIDYAAPVKGRFTISRDDSKDTLYLQMKSLKTEDTAVYYCTTEGHYFDWLLPPYYYGMDVWGQGTTVSVSS,DIVMTQPPLSLPVTPGEPASISCRSSQSLLHTNGYNYLDWYLQKPGQSPHLLIYLGSTRASGVPDRFSGSGSGTDFTLKISRVEAEDVGVYYCMQALQTPHTFGQGTKLEIK
Sequence_54,1,QVQLVQSGAEVKKPGASVKVSCKASGYAFTGYFIHWMRQTPGQGLEWMGWVNPNSGGTDYAQKFRGRVTMTTDTSISTAYMELSRLNSDDTAVYYCAKAGYWTPFDYWGQGTLVTVSS,DIQMTQSPSTLSAFIGDRVTITCRASQSISTWLAWYQQKPGKAPKLLIFKASTLESGVPSRFSGSGSGTEFTLTINSLQPDDFATYYCQQYNNYWTFGQGTRVEIK
Sequence_55,1,QVQLVESGGGVVQPGRSLRLSCEASGFTFSNFGMFWVRQAPGKGLEWVANIWYDGITKHYADSLKGRFTISRDDSKNVLYLQMNSLRAEDTAVYYCARDWHGGLDYWGQGTLVTVSS,DIVMTQSPLSLPVTPGEPASISCRSSHSLLHSNGYNYLDWYLQKPGQSPQLLIYLGSIRASGVPDRFSGSGSGTDFTLKISRVEAEDVGVYYCMQALQTPFTFGPGTKVDIK
Sequence_57,1,QVQLVESGGGVVQPGRSLRLSCAASGFSFSSYGMHWVRQAPGQGLEWVALIWYDGSNNYYADSVKGRFTISRDNSKNTLYLQMNSLRAEDTASYYCAAEGVAPDGAFNIWGQGTMVTVSS,DILMTQSPLSLPVTPGEPASISCRSSQSLLHSNGYKYLHWYLQKPGQSPQLLIHLGSNRAYGVPDRFSGSGSGTDFTLKISRVEAEDVGVYYCMQALQTPITFGQGTRLEIK
Sequence_58,1,EVQLVESGGGLVKPGGSLRLSCAASGITFSSHSMNWVRQAPGKGLEWVSSISSSSSYKYYADSLKGRFTISRDNAKNSLYLQMNSLRVEDTAVYYCARDNTVSAWELPGGVDVFDIWGQGTVVTVSS,EIVLTQSPDFQSVTPKEKVTITCRASQSIGSSLHWYQQKPDQSPKLLIKYASQSISGVPSRFSGSGSGTDFTLTINSLEAEDAAAYYCHQTSSLPLTFGQGTRLEIK
Sequence_59,1,QVQLVESGGGVVQPGRSLRLSCAASGFTFSSYGMHWVRQAPGKGLEWVAVIYYDEITKYYGDSVKGRFTISRDNSKNTLYLQMSSLRAEDTAVYYCTRTGGEGLTLDYWGQGTLVTVSS,DIVMTQSPLSLPVTPGEPASISCRSSQSLLHSNGYNYLNWYLQKPGQSPQLLIYLGSYRASGVPDRFSGSGSGTDFTLKISRVEAEDVGVYYCMQAQQTPHTFGQGTKLVIK
Sequence_6,1,QVQLVQSGAEVKKPGASVKVSCKASGYAFTGYYMHWVRQAPGQGLEWMGWINPNSGDSRYPQKFQGRVTMTRDTSISTANMELSGLRSDDTAVYYCARAGHWLPFDYWGQGTLVTVSS,EVVMTQSPATLSVSPGERATLSCRASQSVSSNLAWYQQKPGQAPRLLIYGASTRATGIPARFSGSGSGTEFTLTISSLQSEDFAVYYCQQYNNWWTFGQGTRVEIK
Sequence_60,1,QVQLVESGGGVVQPGRSLRLSCAASGFTINTFAMHWVRQAPGKGLEWVTLISFDGGNKQYAESVKGRFTISRDNSKNMLYLQMNSLRTEDTAIYYCARDTIADIRYFEWMLPGNYYGMAVWGQGTTVAVSS,GIVLTQSPGTLSLSPGERATLSCRASQSVSSSFLAWYQQKPGQAPRLLIYGTSNRATGIPDRISGSGSGTDFTLTISRLEPEDSAVYYCQQYGGSLLTFGGGTKVEIK
Sequence_61,1,QVQLVESGGGVVQPGRSLRLSCAASGFTFSAYGMHWVRQAPGKGLEWVAVISHDGGYIDYAESVKGRFTFSRDNSKNTVYLQMSSLRVEDTAVYYCAKDAPYCTTNGCSNWFDPWGQGTLVIVSS,DIQMTQSPSSVSAFVGDRVTITCRASQHISSWLAWYQQKPGKAPKLLISAASRLQTGVPSRFSGSGSGTDFTLTINSLQPEDFATYYCQQANSFPWTFGQGTKVEIK
Sequence_62,1,DVQLVESGGDLVQPGGSLRLSCAASGFTFSSHWMHWVRQGPGKGLVWVSRINGDGSKTNYADSVKGRFTVSRDNAKNTLYLQMNSLRADDTAVYFCARLGALRSFDWILPGDPLTADGFDVWGQGTMVSVSS,EIQMTQSPSSLSASVGDRVTITCRASQYISSYLNWYQQKPGKAPKLLIYAASTLQSGVPSRFSGSGSGTDFTLTISSLQPEDFATYYCQQSYRSPPDTFGQGTRLENK
Sequence_63,1,QVQLVESGGGVVQPGRSLRLSCAASGFTFSSYGMHWVRQAPGKGLEWVATIWYDGGNKYYADSVKGRFTISRDNSKNTLYLQMNSLRAEDTAVYYCARRYCSGGSCFSHLDYWGQGTLVTVSS,EVVLTQSPGTLSLSPGERATLSCRASQNIGSSYLAWYQQKPGQAPRLLIYGASSRATGIPDRFSGSGSGTDFTLTISRLEPEDFAVYYCQQYGTSFTFGPGTKVDIK
Sequence_64,1,QVQLVESGGGVVQPGRSLRLSCAASGFTFSSYGMHWVRQAPGKGLEWVGTIWYDGGSKYYADSVKGRFTISRDNSKNTLYLQMNSLRAEDTAVYYCARRYCSGGSCFSHLDYWGQGTLVTVSS,EVVLTQSPGTLSLSPGERATLSCRVSQNVGSSYLAWYQQKAGQAPRLLIYGASSRATGIPDRFSGSGSGTDFTLTISRLEPEDFAVYYCQQYGTSFTFGPGTKVDIK
Sequence_65,1,QEHLVESGGGVVQPGGSLRLSCAASGFPFRNYGMHWVRQGPGKGLEWVASIWYDGTEIYNANSVKGRFTISRDNAKNTLYLQMNSLRTEDTAVYYCAKDRFCSTTACFPGEWGQGTLLIVSS,EIVLTQSPGTLSLSPGERATLSCRASQSVSSSSLAWYQQKLGQAPRLLIYGASSRATGISDRFSGSGSGTDFTLTINRLEPEDFAVYYCHQSGNSLWTFGQGTKLEIK
Sequence_66,1,EVQLVESGGGLVQPGGSLSLSCAVSGFTFETYWMSWVRQAPGKGLEWVANIKHDGSETYYVDSVKGRFTVSRDNSKNSLYLQMNSLRAEDTAIYYCARDQPLRYFDWILELGGAFDIWGQGTMVTVSS,DIVMTQSPLSLPVTPGEPASISCRSSQSLLHDNGYNYLDWYLQKPGQSPQLLIYLGFNRASGVPDRFSGSGSGTDFTLKISRVEAEDVGIYYCMQALQTPPTFGQGTKVEIK
Sequence_68,1,QVQLVESGGGVVQPGGSLRLSCAASGFSFSNYGMHWVRQAPGKGLEWLAFIRYDGSKKYLADSVKGRFTISRDDSKNTLYLQMNRLRAADTAVYYCANGMAYFDWILPGFYQYGMDIWGQGTTVTVSS,DIVMTQTPLSSPVTLGQPASISCRSSQSLVHSDGNTYLSWLHQRPGQPPRLLIYKISDRFSGVPDRFSGSGAGTDFTLKISRVEAEDVGVYYCMQATQFPHTFGQGTKLEIK
Sequence_69,1,EVQLVQSGGGLVKPGGSLRLSCAGSGFTFSNAWMSWVRQAPGKGLEWVGRIKSRGHGGTTDYAPPVKGRFTISRDDSKDTLYLQMNSLQIEDTGVYFCAAGAYFDWLLKPPEYFGMDVWGRGTTVAVSS,EIVLTQSPGTLSLSPGERATLSCRASQSVSSSYLAWYQQKPGQAPRLLIDGASSRATGVPDRFSGSGSGTDFTLTISRLEPEDFAVYYCQQYGSSPLTFGGGTKVEIK
Sequence_7,1,EVRLVESGGGLVKPGGSLRLSCAASGFTFQNAWMTWVRQAPGQGLEWVGRIKSKIDGGTTDYVAPVKGRFTISRDDSKDTLYLQMNSLKTEDTAVYYCTTEINWNFFDDWGQGTLVTVSS,DIQMTQSPSSLSASVGDRVTITCRASQSISTYLNWYQQKPGKAPKVLIYAASSLRSGVPSRFSGRGSGSDFTLTISGLQPEDFATYYCQQTYNIPRTFGQGTRLEIN
Sequence_70,1,QVQLVQSGAEVKKPGASVKISCKASGNSFSGYFTHWMRQAPGQGLEWMGWINPNSGGTDFAQKFQGRVTMTRDTSISTAYMELSGLRFDDTAVYFCARAGFWTPFDQWGQGTLVTVST,DIQMTQSPSTLSASAGDRVTITCRASQSISSWLAWYQQKPGKAPKLLIYKASTLESGVPSRFSGSGSGTEFTLTISSLQPDDFATYYCQQYNSHWTFGQGTKVEIK
Sequence_71,1,QVQLVESGGGVVQPGRSLRLSCAASGFTFSSRGMHWVRQAPGKGLEWLAVIWYDGSNKYYIDSVKGRFTISRDNSKNTLYLQMNSLRAEDTAVYYCATESTTSGSLGHWGQGTPVTVSS,DIVMTQSPLSLPVTPKEPASISCRSSQSLLHSNGHHYLDWYLQKPGQSPQLLIYMASYRASGVPDRFSGSASGTDFTLKISRVEAEDVGVYYCMQGLQTPITFGQGTRLEIA
Sequence_73,1,QVQLVESGGGVVQPGRSLRLSCAASGFTFSSYGMHWVRQAPGKGLEWVALISYDGSDKWFADSVKGRFTISRDNSKNTLYLQMNRLRAEDTAVYYCAKDRPYCSSTSCSNWFDPWGQGTLVTVSS,DIQMTQSPSSVSASVGDRVTITCRASQGISSWLAWYQQKPGKAPKLLIYAASSLQSGVPSRFSGSGSGTDFTLTISSLQPEDFATYYCQQANSSPLTFGGGTKVEMK
Sequence_74,1,EARLVESGGGLMKPGGSLRLSCSASGFTFRNAWMNWVRQAPGKGLEWVGRIKSRSQGGTTEYAAPVKGRFSMSRDDSKDTVYLQMNSLKTEDTGVYYCSSDRRHFDWLLPNDHHDALDFWGQGTMVTVSS,EIVMTQSPATLSVSPGERATLSCRASQSVSSDLAWYQHKLGQAPRLLIYGASTRATGIPARFSGSGSGTDFTLTISSLQSEDFAVYYCLHYNNWPPYTFGQGTKLEIK
Sequence_76,1,QEQLVESGGGVVQPGRSLRLSCAASGITFSSYGMHWVRQAPGKGLEWVSVIWYDGSQKYYADSVKGRFTISRDNSKNTLYLQMNSLRAEDTAVYYCARVGISTLAGDAFDMWGQGTMVTVSS,DIQMTQSPSSLSASVGDRVTITCRASQSVSNYLNWYQHQPGKAPKLLIYAASSLHSPVPSRFSGSGSGTDFTLTITSLQPEDFATYYCQQSYSNPLTFGPGTKVDLK
Sequence_77,1,QVELVESGGGVVQPGKSLRLSCAASGFTFSSYGMHWVRQVPGKGLEWVALISYHGSDKWFADSVKGRFTISRDNSQNTVYLQMDRLTTEDTGVYYCAKDRPYCATTSCSNWLDPWGHGTLVTVSS,DIQMTQSPSSVSASVGDRVTITCRASQDISSWLAWYQQKPGKAPKLLIFAASSLQSGVPSRFSGSGSGTDFTLTISSLQPEDFATYYCQQSNSSPLTFGGGTKVEMK
Sequence_78,1,EEQLLESGGGLVQPGGSLRLSCAASGFSMSSYAMTWVRQAPGKGLEWVSGISNSGDKTYYADSVKGRFTVSRDNSKNMVFLQVSSLRPEDTAVYYCAKDPDGLRYFAWLLPDAFNIWGQGTLVTVSS,EIVLTQSPGTLSLSPGERATLSCRTSQSVSSNYLAWYQQRPGQAPRLLIYATSSRATGIPDRFSGSGSGTVFTLTISRLEPEDFAMYYCQQYGSSPLFTFGPGTKVDIK
Sequence_79,1,EVQLVESGGVVVQPGDSLRLSCAASGFTFDDYAMHWVRQAPGKGLEWVSLITWDGSRTFYADSVKGRFTISRDNSKNSLYLQMNSLRSEDTALYYCAKEGRVLRYFAWLLPDAYYYYMDVWGKGTTVTVSS,EIVMTQSPATLSVSPGERATLSCRASQSVSNNLAWYQQKPGQAPRLLFYGASTRATGVPARFSGSGSGTEFTLTISSMQSEDFAVYYCQQYNNWRTFGQGTKVEIK
Sequence_8,1,QVQLVQSGGGVVQPGRSLKLSCAASGFSFSYYGMHWVRQAPGKGLEWVALISYDGSNKYYADSVKGRFTISRDNSKNTLHLEMNRLRAEDTAVYYCAKDRPYGSGSGFDPWGQGTLVTVSS,DIVMTQSPLSLPVTPGEPASISCRSSQSLLHSNGYIHLDWYLQKPGQSPQLLIFLGSNRAPGVPDRFSGGGSGTDFTLKISRVEAEDVGIYYCMQALRGPPWTFGQGTKVEIK
Sequence_81,1,QVQLVQSGAEVKKPGASVKVSCKASGNDFTGYFTHWVRQAPGQGLQWMGWINPNNGDTDFAQNFKGRVIMTRDTSISTAYMELSGLTSDDTAVYYCTRAGYWTAFDIWGHGTMVTVSS,DIQMTQSPSTLSASVGDRVTITCRASQSISTWLAWYQQKPGKAPKLLISKASSLQGGVPSRFSGSGSGTEFTLTISSLQPDDFATYYCQQYNSYWTFGQGTKVDMK
Sequence_82,1,QLQLQESGPGLVKPSETVSLTCTVSRGSFSRTGYYWGWIRQSPGKGLEWIATMYNSGSTYHNPSLKSRITISVDTSGNQCTLNLNSVTAADTAVYYCASSKLRHFDWLLTEDLGKDAFDIWGQGTMVTVSS,DIRMTQSPSTLSAFVGDRVTITCRASQSISTNLAWYQQKPGKPPKLLIYRASSLEGGVPSRFSGSGSGAEFTLTISSLQPDDFATYYCQQFHTDLTFGGGTKVEMK
Sequence_83,1,EVQLVESGGGLVQPGGSLRLSCAASGFTFTTYLMSWVRQAPGKGLEWVATIKQGGSEKYYVDSVKGRFTISRDNAKNSLYLQMNSLRAEDTAVYYCAREQEQYFDWLLDPPYYYSYMDVWGKGTTVSVSL,EIVMTQSPATLSVSPGERATLSCRASQSVGSNLAWYQQKPGQAPRLLIYGASTRATDIPARFSGSGSGTEFTLTISSMQSEDFAVYYCQQYNTWRTFGQGTKVEIK
Sequence_84,1,EVQLVESGGGLVKPGGSLRLSCAASGFIFNNAWMSWVRQAPGKGLEWVGRIKSKIDGETTDYTAAVKGRFSISRDDSKDTVYLQMNRLKTDDTAVYYCNIEAVLGDFDLWGRGTLVTVSS,EIVLTQSPDFQSVTPKEKVTITCRASQSIDNYLHWYQQKPGQSPKLLIKYASQSFSGVPSRFSGSGSGTDFTLTISSLEVEDAATYYCHQSSSLPRTFGRGTKVEIK
Sequence_85,1,EVQLVESGGGVVQPGRSLRLSCEASGFTFSNFGMYWVRQAPGKGLEWVAVIWYDGSNKYYADSVEGRFSITRDNSKNTLYLQMSNLRAEDTAVYYCATCTTTFYAFNFWGQGTMVTVSS,AIQLTQSPSSLSASVGGRVTIACRASQGISSALAWYQQKPGKAPKLLIYDASRLESGVPSRFSGSGSGTDFTLTISSLQPEDFATYYCQHFNSYPYSFGQGTKLEIK
Sequence_86,1,QVQLVESGGGVVQPGRSLRLSCATSGFTFSTYGIHWVRQAPGKGLEWVAFISYDGSDKQYADSVKGRFTISRDNSRDTLYLQMHSLRAEDTAVYYCANSIYDWLIDFFFDNWGQGTLVTVSS,EIVLTQSPDFQSVTPKEKVTLTCRASQSIGSSLHWYQQKPGQSPKLLIKYASQSISGVPSRFRGSGSGTDFTLTINSLEAEDAATYYCHQSSSLPLTFGGGTKVEIK
Sequence_87,1,QVQLQESGPGLVKPSETLSLTCTVSGGSIINYYWTWIRQPPGKGLEWIGNIFYSGYTNYNPSLQSRVTMSVVTSTNQFSLKLSSVTAADTAVYYCATHRFFDWLISDETPFDIWGQGTVVTVSA,EIVLTQSPGTLSLSPGERATLSCRASQSVSSNYLAWYQQKPGQAPRLLIYGASSRATGIPDRFSGSGSGTDFTLAISRLEPEDFAVYFCQQYGSSPRTFGQGTKVEIK
Sequence_88,1,EVQLVESGGGLVKPGGSLRLSCATSGFTFNNAWMTWVRQAPGKGLEWIGRIKSEIDGGTVDYGAPVKGRFTISRDDSKNTLFLQMNSLKSEDTAVYYCAIEGNWNFFEYWGQGALVTVSS,DIQMTQSPSSLSASVGDRVTITCRASQSVNSYLNWYQQKPGKAPKLLIYVASNLLSGVPSRFSGSGSGTDFTLTISSLQPEDFATYFCQQSYSLPRTFGQGTKLEIK
Sequence_9,1,QVQLVESGGGLVKPGGSLRLSCAASGFTFSDYDMSWIRQAPGKGLEWVSYIRSSGTIIYYAESVKGRFTISRDNAKNSLYLQMNSLRAEDTAVYYCARERYFDWLLYPAATPVDYWGQGTLVTVSS,DIQMTQSPSSLSASVGDRVTITCRASQGISNSLAWYQQKPGKAPKLLLYAASTLESGVPSRFSGSGSGTASTLTISSLQPEDFATYYCQQYYSIPRTFGQGTKVEIK
Sequence_90,1,QVQLVESGGGVVQPGRSLRLSCAASGFTFSSRGMHWVRQAPGKGLEWLAVIWYDGSNKYYIDPVKGRFTISRDNSKNTLYLQMNSLRAEDTGVYFCATESTTSGSLGHWGQGTPVTVSP,DIVMTQSPLSLPVTPKEPASISCRSSQSLLHSNGRHYLDWYLQKPGQSPQLLIYMASYRASGVPDRFSGSASGTDFTLKISRVEAEDVGVYYCMQGLQTPITFGQGTRLEIA
Sequence_92,1,QVQLVESGGGVVQPGRSLRLSCAASGFTFSSYGIHWVRQAPGKGLEWVALISYHGSDTWFADSVMGRFTISRDNSKNTVYLQMNRVRPEDTAVYYCAKDRPYCTSSRCSNWLDPWGQGTLVTVSS,DIQMTQSPSSVSASVGDRVTITCRASQDISSWLAWYQQKPGQGPKLLIYAATSLQSGVPSRFSGSGSGTDFTLTISSLQPEDFATYYCQQTDSSPLTFGGGTKVEMK
Sequence_93,1,QMQLVESGGGVVHPGRSLRLSCAASGFTFSNYGMHWVRQAPGKGLEWVAVIWYDGSNKYYADSVKGRFTISRDNSKDTLYLEMNSLRAEDTALYYCAGVGISTLAGDALSFWGQGTLVTVSS,DIQMTQSPSSLSASVGDRVTITCRASHSITNYLNWYQQKPGKAPNLLIYAASSLQSGVPSRFSGSGSGTDFTLTISSLQPEDFATYYCQQSYYNPLTFGPGTKVDIK
Sequence_95,1,QVQLVESGGGVVQPGKSLRLSCAASGFSFSSRGMHWVRQAPGKGLEWVAVIWYDGSNKYYGDSVKGRFTISRDNSKNTVYLQMNSLRAEDTAVYYCATESTTSGSYGHWGQGTLVTVSS,EIVMTQSPVSLPVTPGEPASISCRSSQSLLHSTGNNYLDWYLQKPGQSPQLLIYMASYRASGVPDRFSGSASGTHFTLKISRVEAEDVGVYYCMQGLQTPITFGQGTRLEIK
Sequence_96,1,QVQLVQSGAEVKKPGASVKVSCKASGYTLISYYIHWVRQAPGQGLEWMGIINPGGGYTIYSQKFQGRVAMTSDTSTSTVYMELSSLRSEDTAIYYCARDGRFFDWLLPQIYNSFYMDVWGKGTTVTVSS,EIVLTQSPGILSLSPGERATLSCRASQSVSSNYLAWYQQIPGRAPRLLIYDASSRATGIPDRFSGSGSGTDFTLTISRLEPEDFAVYYCQHYGSSLNFGGGTKVEIK
Sequence_97,1,EARLVESGGGLMKPGGSLRLSCSASGFTFRNAWMNWVRQAPGKGLEWVGRIKSRSQGGTTEYAAPVKGRFSMSRDDSKDTVYLQMNSLKTEDTGVYYCSSDRRHFDWLLPNDHHDALDFWGQGTMVTVSS,EIVMTQSPATLSVSPGERATLSCRASQSVSSDLAWYQHKLGQAPRLLIYGASTRATGIPARFSGSGSGTDFTLTISSLQSEDFAVYYCLHYNNWPPYTFGQGTKLEIK
Sequence_98,1,QVQLVESGGGVVQPGRSLRLSCAASGFTFSSRGMHWVRQAPGKGLEWLAVIWYDGSNKYYIDSVKGRFTISRDNSKNTLYLQMNSLRAEDTAVYYCATESTTSGSLGHWGQGTPVTVSS,DIVMTQSPLSLPVTPKEPASISCRSSQSLLHSNGHHYLDWYLQKPGQSPQLLIYMASYRASGVPDRFSGSASGTDFTLKISRVEAEDVGVYYCMQGLQTPITFGQGTRLEIA
Sequence_99,1,QVQLVESGGGVVQPGRSLRLSCTASGFTFSSYGMHWVRQAPGKGLEWLAVVYYDGNNKYYADSVKGRFTISRDNSKNTLYLQMNSLRAEDTALYYCARDVYLGSVTYYDFEDWGQGTLVTVSS,EIVLTQSPATLSLSPGERATLSCRASQSVNNYLAWYQQKPGQAPRLLIYDASIRATGIPARFSGSGSGTDFTLTISSLEPEDFAFYYCQQRSNWPPIYTFGQGTKLEIR
Sequence_101,2,QVQLVQSGAEVKKPGSSVKVSCKASGGTFSTYGISWVRQAPGQGLEWMGGIIPVFDTPNYAQKFQGRVTITADKSTSTAYMEMSSLRSEDTAVYYCVRQSDLRQIDWVLPNYYGLDVWGPGTTVTVSS,QAVVTQEPSLTVSPGGTVTLTCGSSNGAVTSGHSPYWFQQRPGQAPTTLIYDTSNKHSWTPARFSGSVLGGKAALTLSGAQPEDEAEYYCLLSYNGVSVFGTGTIVTVL
Sequence_102,2,QVQVVQSGAEVKKPGSSVKVSCKASGGTFSSYAINWVRQAPGQGLEWMGGIIPIFTTPNYAQKFQGRVTITADESTSTAYMELSSLRSEDTAVYYCAVIARYFDWIISPTHYYYYGMDVWGQGTTVTVSS,QSALTQPPSASGSPGQSVTISCTGTSSDVGGYNYVSWYQQHPGKAPKLMIYEVSKRPSGVPDRFSGSKSGNTASLTVSGLQAEDEADYYCSSYAGSTPCIFGTGTKVTVL
Sequence_17,2,EVQLVESGGGSVKPGGSLRLSCAASGFTFRNAWMTWVRQAPGKGLEWVGRIKSKTDGGTADYAAPVKGRFTISRDDSKDTVYLQMKSLKTEDTAVYYCTTEGGRYFDWVIYTYYGMDVWGQGTTVTVSS,QSALTQPASVSGSPGQSITISCTGTSSDVGGSNSVSWYQQYPGKAPKLMIFDVNNRPSGVSYRFSGSKSGNTASLTISGLQAEDEADYYCSSYTSSSTSYVFGTGTKVSVL
Sequence_22,2,EVQLLESGGGLVPPGGSLRLSCAASGFPFISYAMNWVRQAPGKGLEWVSGISGSGGSTYYADFVKGRFTISRDNSKNTLYLQMNSLRAEDTAVYYCAKDPLVLRSFAWLLDDAFDIWGQGTMVTVSS,QSVLTQPPSVSGAPGQRVTISCTGSSSNIGADYDVHWYQQLPGTAPKLLIYDNNHRPSGVPDRFSGSKSGTSASLAITGLQAEDEADYYCQSYDSSLSGSWVFGGGTKVTVL
Sequence_23,2,QVQLVESGGGVVQPGGSLRLSCAASGFPFNRYGMHWVRQAPGKGLEWVSFIRYDGSDKYYADSVKGRFTISRDNSKNTVFLQMNSLSAEDTAVYYCAKDHAGYFDWLLPNFYYFYYMDVWGKGTTVTVSS,QSALTQPASVSGSPGQSITISCTGTSSDIGAYNYVSWYQQHPGKAPKLMIYDVSERPSGVSNRFSGSKSGNTASLTISGLQAEDEAEYYCSSYTTTSSVVFGGGTKLTVL
Sequence_24,2,QVQLVESGGGVVQPGRSLRLSCAASGLTFSTYDMHWVRQAPGKGLEWVAVISDDGSNIYYADSVKGRFTISRDNPKKTLYLQMNSLRAEDTALYYCARHLKRYFEWLLPGDHYGMDVWGQGTTVTVSS,QAVVTQEPSLTVSPGGTVTLTCGSSTGAVTSGHSPYWFQQKPGQAPRTVIYDTSNKHSWTPARFSGSLLGGKAALTLSGAQPEDEAEYYCLLSYSGPYVFGSGTKVTVL
Sequence_30,2,EVQLLESGGGLVRPGGSLRLSCAASGFPFSTYAMTWVRQAPGKGLEWVSGISGSGDNTDYADSVKGRFIISRDNSKNTLYLQMNSLRAADTAFYYCAKDPLTLRSFAWLLPDAFDTWGQGTLVTVSS,QSVLTQPPSVSGAPGQRVTISCTGSSSNIGAGYDVHWYQQLPGSAPKLLIYDNRNRPSGVPDRFSGSKSGTSASLAITGLQAEDEADYYCQSYDSSLSGRWLFGGGTKLTVL
Sequence_33,2,QVQLVESGGGVVQPGRSLRLSCAASGLTFSTYDMHWVRQAPGKGLEWVAVISDDGSNKYYADSVKGRFTISRDNPKKTLYLQMNSLRAEDTAVYYCARHLKRYFEWLLPGDYYGMDVWGQGTTVTVSS,QAVVTQEPSLTVSPGGTVTLTCGSSTGAVTSGHSPYWFQQKPGQAPRTLIYDTSNKHSWTPARFSGSLLGGKAALTLSGAQPEDEAEYYCLLSYSGPYVFGSGTKVTVL
Sequence_34,2,QVQLVESGGGVVQPGRSLRLSCAASGLTFSTYDMHWVRQAPGKGLEWVAVISDDGSNIYYADSVKGRFTISRDNPKKTLYLQMNSLRAEDTALYYCARHLKRYFEWLLPGDHYGMDVWGQGTTVTVSS,QAVVTQEPSLTVSPGGTVTLTCGSSTGAVTSGHSPYWFQQKPGQAPRTVIYDTSNKHSWTPARFSGSLLGGKAALTLSGAQPEDEAEYYCLLSYSGPYVFGSGTKVTVL
Sequence_36,2,QVQLVESGGGLVKPGGSLRLSCAASGFTFGDYYMTWIRQAPGKGLEWVSYISGSSSYTNYADSVKGRFTISRDNAKSSLYLQMNSLRADDTAVYYCARDQHTVQWELPVYNYFYGMDVWGQGTTVTVSS,QSVLTQPPSVSAAPGQKVTISCSGSSSNIGNNYVSWYQHLPGTAPKLLIYDNDKRPSGIPDRFSGSKSGTSATLGITGLQTGDEADYYCGAWDSRLSGGFYVFGTGTKVTVL
Sequence_37,2,QVQLVQSGAEVKKPGSSVKVSCTASGGTIRSYGLSWVRQAPGQGLEWLGGIVPVFGTPNYAQNFQGRLTIIADDSTSTTFMELSSLTSEDTAIYFCATAVRYFDWLVAATDLYLYGMDVWGQGTTVIVSP,QSVLTQPPSVSAAPGQKVTISCSGSSSNIANNFVSWYQQLPGTAPKLLIYDNDKRPSGIPDRFSGSKSGTSATLGITGLQTGDEADYYCGTWDTSLSAVVFGGGTKLTVL
Sequence_39,2,QVHLVESGGGVVQPGRSLRLSCTASGFIFSRYGMHWVRQAPGKGLEWVGVIWSDATNQYYADSVKGRFTISRDNSKDTLYLQMNSLRAEDTAVYYCARDLSGDFDWLLHPYFFYGMDVWGQGTTVTVSS,QSALTQPPSASGSPGQSVTFSCTGTSSDVGGYNYVSWYQQHPGKAPKLMIYEVSKRPSGVPDRFSGSKSGNTASLTVSGLQAEDEADYYCTAYAGSNIYVFGTGTTVTVL
Sequence_40,2,QVQVEQSGTEVKKPGSSVKVSCKASGGTFSTSGISWVRQAPGQGLEWMGGIVPIFGTANYAQKFQGRVTISADESTSTAYMELSSLRSDDTAVYYCARDERHFDWLLPSDYFYYMDVWGKGTTVTVSS,QSALTQPASVSGSPGQSITISCTGTSSDIGNYNFVSWYQQHPGKVPKRLIYDVNKRPSGVSNRFSGSKSGNTASLTISGLQAEDEADYYCCSYAGSSLVVFGGGTTLTVL
Sequence_41,2,QVQVVQSGTEVKKPGSSVKVSCKASGGTFSSSGISWVRQAPGQGLEWMGGIIPIFGTANYAQKFQGRVTITADESTSSAYMELSSLRSDDTAVYYCARDERHFDWLLPSDYFYYMDVWGKGTTVTVSS,QSALTQPASVSGSPGQSITISCTGTSSDVGNYNLVSWYQQHPGKVPKRMIYDVSKRPSGVSNRFSGSKSGNTASLTISGLQAEDEADYYCCSYAGSSLVIFGGGTKLTVL
Sequence_45,2,DEQLLESGGGLVQPGGSLRLSCVASGFALSSYGVNWVRQAPGKGLEWVSGISDNGDRTYHADSVKGRFTISRDNSKNTVYLQMNSLRAEDTAVYYCAKDPGALKYFAWLLPDAFNIWGQGTMVTVSS,QSVLTQPPSVSGAPGQRITISCTGSSSNIGAGNDVNWYQQLPGTAPKLLIYDNTNRPSGVPDRFSGSKSGTSASLAISGLQADDEADYYCQSYDSSLSGSWVFGGGTKLTVL
Sequence_56,2,QVQLVQSGAEVKKPGSSVKVSCKVSGGIFNKFGISWVRQAPGQGLEWMGGIIPIFGTPNYAPKFQGRVTITADESTSTAYMELSSLRSEDTAVYYCARDQERNFDWLLPNYYHAMDVWGQGTTVTVSS,QSALTQPASVSGSPGQTISISCTGSSGDVGAYNHVAWYQQHPGKAPKLMIYDVSNRPSGVSDRFSGSKSGNTASLTITGLQAADEADYYCNSYTSSSTLVFGTGTKVTVL
Sequence_67,2,QVQLVESGGGVVQPGRSLRVSCAASGFSFSSYGMHWVRQAPGKGLEWVAVISYDVSNKYYADSVKGRFTISRDNSKNRLYLQMNSLRAEDTAVYYCAKDPGLRFFDWVLTEKDYYSYGMDVWGQGTTVIVSS,QSVLTQPPSVSGAPGQRVTISCTGSSSNIGADYDVHWYQQLPGTAPKLLIYRNTNRPSGVPDRFSGSKSGTSASLAITGLQAEDEADYYCQSYDSSLRGYVFGTGTKVTVL
Sequence_72,2,EEQLLESGGGLVQPGGSLRLSCAASGFSLSSYAMTWFRQAPGKGLEWVSGISNSGDTTYYADSVKGRFTISRDNSKNTLYLQVDSLRAEDTAVYYCAKDPDGLRSFAWLLPDAFNIWGQGTLVTVSS,QSVLTQPPSVSGAPGQRVTISCAGSSSNIGAGFDVHWYQHLPGTAPKLLIYGSTNRPSGVPDRFSGSKSGTSASLAISGLQADDEADYYCQSYDNRLSAFYVFGTGTKVTVL
Sequence_75,2,EVQLVQSGGGLVKPGGSLRLSCAASGFTVTNAWMNWVRQAPGKGLEWVGRIKSKIHGGTADYAAPVKGRFSISRDDSKNTLYLQMNSLKTEDTAVYYCTTDRGRYFDWVLPDYYYGMDVWGQGTTVTVPS,QAVVTQEPSLTVSPGGTVTLTCGSSTGAVTSGHYPHWFQQKPGQAPKTLIYDTSNKHSWTPSRFSGSLLGGKAALTLSGAQPEDEAEFYCLLSYNGDYVFGTGTKVTVL
Sequence_80,2,EVQLVESGGGLVKPGGSLRLSCEASGFTFSNSWMSWVRQAPGKGLEWVGLIKRKIDGGTTDYAAPVKDRFTISRDDSKNTLYLQMNSLKSEDTAVYYCTTYNFPLRYFAWLLARAETDFDIWGQGTMVAVSS,QSVLTQPPSVSGAPGQRVAISCTGSSSNIGADYDVHWYQQLPGRAPKVLIYGNNNRPSGVPDRFSGSKSGTSASLAITGLQAEDEADYYCQSYDTSLRGVFGTGTKVTVL
Sequence_89,2,QVQLVQSGAEVKKPGSSVKVSCKASGGAFNSYPITWVRQAPGQGLEWMGGIIPVFGPAKYAQKFQGRVTITADESTSTAYMELNSLRSEDTAVYYCARDLRYFDWIIDPYYYYGLDVWGQGTTVTVSS,QSALTQPASVSGSPGQSITISCAGTNRDVGSYNSVSWYQQYPGKAPKLLIYEVSDRPSGVSKRFSGSKSGNTASLTISGLQAEDEANYYCSSYITSSTLVVFGGGTKLTVL
Sequence_91,2,EEQLLESGGGLVQPGGSLRLSCAASGFSLSSYAMTWFRQAPGKGLEWVSGISNSGDTTYYADSVKGRFTISRDNSKNTLYLQVDSLRAEDTAVYYCAKDPDGLRSFAWLLPDAFNIWGQGTLVTVSS,QSVLTQPPSVSGAPGQRVTISCAGSSSNIGAGFDVHWYQHLPGTAPKLLIYGSTNRPSGVPDRFSGSKSGTSASLAISGLQADDEADYYCQSYDNRLSAFYVFGTGTKVTVL
Sequence_94,2,EEQLLESGGGLVQPGGSLRLSCAASGFSLSSYAMTWFRQAPGKGLEWVSGISNSGDTTYYADSVKGRFTISRDNSKNTLYLQVDSLRAEDTAVYYCAKDPDGLRSFAWLLPDAFNIWGQGTLVTVSS,QSVLTQPPSVSGAPGQRVTISCAGSSSNIGAGFDVHWYQHLPGTAPKLLIYGSTNRPSGVPDRFSGSKSGTSASLAISGLQADDEADYYCQSYDNRLSAFYVFGTGTKVTVL
